ObjectId('5459412ac48e2d9debe88190'),
ObjectId('5459562acaf899cf26c7f93d'),
ObjectId('5459562acaf899cf26c7f965'),
ObjectId('5459562acaf899cf26c7f986'),
ObjectId('5459562acaf899cf26c7f987'),
ObjectId('5459562acaf899cf26c7f989'),
ObjectId('5459562acaf899cf26c7f98a'),
ObjectId('5459562acaf899cf26c7f98b'),
ObjectId('5459562acaf899cf26c7f98c'),
ObjectId('5459562acaf899cf26c7f98d'),
ObjectId('5459562acaf899cf26c7f957'),
ObjectId('5459562acaf899cf26c7f958'),
ObjectId('5459562acaf899cf26c7f95a'),
ObjectId('5459562acaf899cf26c7f95b'),
ObjectId('5459562acaf899cf26c7f95c'),
ObjectId('5459562acaf899cf26c7f95f'),
ObjectId('5459562acaf899cf26c7f960'),
ObjectId('5459562acaf899cf26c7f961'),
ObjectId('5459562acaf899cf26c7f962'),
ObjectId('5459562acaf899cf26c7f963'),
ObjectId('5459562acaf899cf26c7f964'),
ObjectId('5459562acaf899cf26c7f966'),
ObjectId('5459562acaf899cf26c7f967'),
ObjectId('5459562acaf899cf26c7f968'),
ObjectId('5459562acaf899cf26c7f969'),
ObjectId('5459562acaf899cf26c7f96a'),
ObjectId('5459562acaf899cf26c7f96b'),
ObjectId('5459562acaf899cf26c7f96c'),
ObjectId('5459562acaf899cf26c7f96d'),
ObjectId('5459562acaf899cf26c7f96e'),
ObjectId('5459562acaf899cf26c7f96f'),
ObjectId('5459562acaf899cf26c7f970'),
ObjectId('5459562acaf899cf26c7f971'),
ObjectId('5459562acaf899cf26c7f972'),
ObjectId('5459562acaf899cf26c7f973'),
ObjectId('5459562acaf899cf26c7f974'),
ObjectId('5459562acaf899cf26c7f975'),
ObjectId('5459562acaf899cf26c7f976'),
ObjectId('5459562acaf899cf26c7f977'),
ObjectId('5459562acaf899cf26c7f978'),
ObjectId('5459562acaf899cf26c7f979'),
ObjectId('5459562acaf899cf26c7f97a'),
ObjectId('5459562acaf899cf26c7f97b'),
ObjectId('5459562acaf899cf26c7f97c'),
ObjectId('5459562acaf899cf26c7f97d'),
ObjectId('5459562acaf899cf26c7f97e'),
ObjectId('5459562acaf899cf26c7f97f'),
ObjectId('5459562acaf899cf26c7f980'),
ObjectId('5459562acaf899cf26c7f981'),
ObjectId('5459562acaf899cf26c7f982'),
ObjectId('5459562acaf899cf26c7f983'),
ObjectId('5459562acaf899cf26c7f984'),
ObjectId('5459562acaf899cf26c7f985'),
ObjectId('5459562acaf899cf26c7f988'),
ObjectId('5459562acaf899cf26c7f92a'),
ObjectId('5459562acaf899cf26c7f92b'),
ObjectId('5459562acaf899cf26c7f92c'),
ObjectId('5459562acaf899cf26c7f92d'),
ObjectId('5459562acaf899cf26c7f92e'),
ObjectId('5459562acaf899cf26c7f92f'),
ObjectId('5459562acaf899cf26c7f930'),
ObjectId('5459562acaf899cf26c7f931'),
ObjectId('5459562acaf899cf26c7f932'),
ObjectId('5459562acaf899cf26c7f933'),
ObjectId('5459562acaf899cf26c7f934'),
ObjectId('5459562acaf899cf26c7f935'),
ObjectId('5459562acaf899cf26c7f936'),
ObjectId('5459562acaf899cf26c7f937'),
ObjectId('5459562acaf899cf26c7f938'),
ObjectId('5459562acaf899cf26c7f939'),
ObjectId('5459562acaf899cf26c7f93a'),
ObjectId('5459562acaf899cf26c7f93b'),
ObjectId('5459562acaf899cf26c7f93c'),
ObjectId('5459562acaf899cf26c7f93e'),
ObjectId('5459562acaf899cf26c7f93f'),
ObjectId('5459562acaf899cf26c7f940'),
ObjectId('5459562acaf899cf26c7f941'),
ObjectId('5459562acaf899cf26c7f942'),
ObjectId('5459562acaf899cf26c7f943'),
ObjectId('5459562acaf899cf26c7f944'),
ObjectId('5459562acaf899cf26c7f945'),
ObjectId('5459562acaf899cf26c7f946'),
ObjectId('5459562acaf899cf26c7f947'),
ObjectId('5459562acaf899cf26c7f948'),
ObjectId('5459562acaf899cf26c7f949'),
ObjectId('5459562acaf899cf26c7f94a'),
ObjectId('5459562acaf899cf26c7f94b'),
ObjectId('5459562acaf899cf26c7f94c'),
ObjectId('5459562acaf899cf26c7f94d'),
ObjectId('5459562acaf899cf26c7f94e'),
ObjectId('5459562acaf899cf26c7f94f'),
ObjectId('5459562acaf899cf26c7f950'),
ObjectId('5459562acaf899cf26c7f951'),
ObjectId('5459562acaf899cf26c7f952'),
ObjectId('5459562acaf899cf26c7f953'),
ObjectId('5459562acaf899cf26c7f954'),
ObjectId('5459562acaf899cf26c7f955'),
ObjectId('5459562acaf899cf26c7f956'),
ObjectId('5459562acaf899cf26c7f959'),
ObjectId('5459562acaf899cf26c7f95d'),
ObjectId('5459562acaf899cf26c7f95e')
